"Employee_ID,Name,Department,Gender,Age,Salary,Experience,City,Performance"
"1001,Neha,HR,Female,48.0,49272.0,9,Delhi,4"
"1002,Ankit,Sales,Male,31.0,118935.0,18,Jaipur,1"
"1003,Pooja,Finance,Female,53.0,97010.0,0,Noida,4"
"1004,Rohit,Sales,Male,37.0,117492.0,6,Gurugram,4"
"1005,Neha,Sales,Female,26.0,72153.0,3,Faridabad,2"
"1006,Vikas,Sales,Male,24.0,79110.0,0,Delhi,3"
"1007,Kapil,Sales,Female,40.0,38979.0,14,Delhi,2"
"1008,Neha,Marketing,Male,47.0,53328.0,7,Faridabad,1"
"1009,Pooja,Marketing,Female,35.0,37867.0,11,Jaipur,4"
"1010,Rohit,IT,Female,26.0,84234.0,17,Faridabad,2"
"1011,Ankit,HR,Male,34.0,72677.54754754755,14,Noida,2"
"1012,Pooja,Sales,Male,31.0,56279.0,16,Faridabad,2"
"1013,Pooja,IT,Male,59.0,98402.0,13,Delhi,1"
"1014,Kapil,HR,Male,29.0,40449.0,13,Faridabad,3"
"1015,Priya,Admin,Female,46.0,101221.0,17,Gurugram,2"
"1016,Rohit,Finance,Female,36.0,114080.0,19,Noida,1"
"1017,Rahul,Marketing,Male,25.0,30451.0,17,Faridabad,4"
"1018,Pooja,Admin,Female,30.0,112178.0,15,Delhi,5"
"1019,Priya,HR,Male,23.0,66316.0,0,Noida,1"
"1020,Rahul,Admin,Male,33.0,88064.0,10,Delhi,5"
"1021,Rohit,Finance,Female,50.0,88761.0,14,Jaipur,2"
"1022,Amit,HR,Female,26.0,63870.0,11,Gurugram,2"
"1023,Vikas,Admin,Female,37.0,55873.0,7,Jaipur,1"
"1024,Priya,Marketing,Female,39.0,83627.0,19,Gurugram,5"
"1025,Anjali,Marketing,Female,55.0,91155.0,5,Faridabad,2"
"1026,Amit,IT,Female,41.0,50372.0,2,Noida,4"
"1027,Vikas,Admin,Female,25.0,28642.0,12,Faridabad,3"
"1028,Kapil,Sales,Male,49.0,53001.0,12,Gurugram,3"
"1029,Neha,Admin,Male,57.0,59064.0,1,Gurugram,2"
"1030,Ankit,HR,Male,40.0,119826.0,4,Gurugram,5"
"1031,Anjali,HR,Male,41.0,39122.0,16,Delhi,2"
"1032,Kapil,Admin,Male,30.0,49820.0,5,Noida,5"
"1033,Rohit,Finance,Female,25.0,93431.0,1,Faridabad,4"
"1034,Kapil,Marketing,Male,56.0,80745.0,3,Faridabad,5"
"1035,Neha,HR,Male,26.0,75081.0,10,Jaipur,2"
"1036,Rohit,Marketing,Male,46.0,95902.0,7,Gurugram,4"
"1037,Anjali,HR,Male,24.0,33711.0,11,Gurugram,1"
"1038,Neha,IT,Male,59.0,110132.0,7,Gurugram,3"
"1039,Rahul,Sales,Male,59.0,43793.0,10,Faridabad,2"
"1040,Ankit,HR,Male,55.0,33199.0,19,Jaipur,2"
"1041,Anjali,Marketing,Female,21.0,101253.0,7,Delhi,2"
"1042,Rahul,IT,Female,44.0,61191.0,7,Noida,4"
"1043,Vikas,HR,Male,56.0,35211.0,16,Delhi,1"
"1044,Anjali,Finance,Female,26.0,88069.0,19,Faridabad,5"
"1045,Vikas,Sales,Female,51.0,113896.0,19,Gurugram,1"
"1046,Rohit,HR,Female,40.0,81746.0,15,Noida,4"
"1047,Rahul,IT,Female,44.0,46542.0,13,Faridabad,2"
"1048,Ankit,Finance,Male,45.0,56312.0,10,Faridabad,3"
"1049,Neha,Admin,Female,56.0,70242.0,6,Faridabad,2"
"1050,Pooja,IT,Female,41.0,118783.0,15,Noida,5"
"1051,Kapil,Unknown,Female,50.0,112893.0,12,Noida,3"
"1052,Amit,Finance,Male,44.0,80388.0,14,Jaipur,2"
"1053,Ankit,IT,Male,50.0,52691.0,15,Jaipur,3"
"1054,Rahul,Finance,Male,42.0,102960.0,8,Delhi,1"
"1055,Pooja,HR,Male,48.0,109388.0,2,Noida,4"
"1056,Ankit,Finance,Male,27.0,47601.0,18,Noida,2"
"1057,Rahul,Finance,Male,55.0,43020.0,19,Noida,5"
"1058,Priya,Sales,Male,48.0,33155.0,4,Jaipur,1"
"1059,Priya,Finance,Female,34.0,94119.0,9,Faridabad,2"
"1060,Vikas,Finance,Female,30.0,106051.0,16,Gurugram,1"
"1061,Ankit,Admin,Female,36.0,61777.0,14,Jaipur,5"
"1062,Priya,HR,Male,36.0,44710.0,7,Noida,2"
"1063,Rahul,Sales,Male,51.0,49532.0,14,Jaipur,5"
"1064,Vikas,Admin,Male,45.0,43601.0,13,Delhi,3"
"1065,Rahul,Marketing,Male,33.0,88227.0,19,Noida,5"
"1066,Vikas,HR,Male,26.0,29967.0,6,Delhi,3"
"1067,Ankit,HR,Female,29.0,109289.0,11,Noida,2"
"1068,Pooja,Marketing,Female,56.0,45022.0,16,Jaipur,3"
"1069,Neha,Finance,Male,40.0,68463.0,16,Faridabad,2"
"1070,Anjali,Admin,Male,38.0,99671.0,9,Gurugram,2"
"1071,Pooja,IT,Male,41.0,30722.0,18,Delhi,4"
"1072,Rohit,Sales,Male,24.0,52413.0,13,Jaipur,2"
"1073,Rahul,IT,Female,53.0,117772.0,10,Faridabad,3"
"1074,Rohit,Marketing,Male,47.0,106050.0,1,Jaipur,4"
"1075,Pooja,HR,Male,27.0,110867.0,17,Delhi,4"
"1076,Vikas,HR,Male,26.0,108596.0,6,Gurugram,2"
"1077,Anjali,Sales,Male,35.0,91732.0,11,Jaipur,5"
"1078,Anjali,HR,Female,38.0,37297.0,1,Noida,5"
"1079,Amit,HR,Male,52.0,93323.0,19,Faridabad,4"
"1080,Anjali,Sales,Male,31.0,48816.0,17,Jaipur,2"
"1081,Neha,Admin,Female,40.0,65695.0,5,Faridabad,5"
"1082,Anjali,Admin,Female,44.0,44702.0,9,Noida,2"
"1083,Pooja,Sales,Female,35.0,50242.0,19,Gurugram,2"
"1084,Amit,Marketing,Male,27.0,80841.0,14,Gurugram,4"
"1085,Pooja,HR,Male,41.0,92712.0,4,Noida,4"
"1086,Pooja,HR,Female,46.0,110663.0,19,Faridabad,1"
"1087,Kapil,Marketing,Female,34.0,117764.0,2,Jaipur,5"
"1088,Amit,Admin,Female,57.0,78574.0,4,Noida,5"
"1089,Pooja,Finance,Female,41.0,110744.0,7,Delhi,5"
"1090,Kapil,Finance,Female,38.0,53482.0,7,Faridabad,3"
"1091,Kapil,Finance,Female,25.0,34171.0,7,Gurugram,2"
"1092,Amit,Admin,Male,23.0,28696.0,11,Noida,4"
"1093,Rohit,Admin,Male,43.0,45058.0,7,Gurugram,5"
"1094,Vikas,Marketing,Male,46.0,45313.0,10,Faridabad,1"
"1095,Neha,HR,Female,57.0,44149.0,13,Gurugram,5"
"1096,Vikas,Marketing,Female,44.0,78521.0,7,Noida,2"
"1097,Anjali,Marketing,Female,39.0,70740.0,9,Faridabad,2"
"1098,Neha,Admin,Female,45.0,29956.0,6,Delhi,4"
"1099,Anjali,Finance,Female,41.0,100731.0,16,Noida,3"
"1100,Pooja,IT,Female,32.0,107612.0,3,Jaipur,4"
"1101,Rahul,HR,Male,53.0,91641.0,12,Unknown,5"
"1102,Amit,Admin,Male,24.0,88811.0,3,Faridabad,1"
"1103,Neha,Finance,Female,27.0,77160.0,4,Noida,4"
"1104,Neha,IT,Male,42.0,76313.0,3,Delhi,3"
"1105,Pooja,IT,Female,53.0,88232.0,17,Delhi,4"
"1106,Rohit,Admin,Male,37.0,40417.0,5,Jaipur,2"
"1107,Kapil,Sales,Female,44.0,49729.0,1,Gurugram,5"
"1108,Pooja,HR,Female,54.0,55099.0,10,Faridabad,5"
"1109,Priya,IT,Male,48.0,54961.0,13,Faridabad,5"
"1110,Kapil,Admin,Male,59.0,37602.0,4,Gurugram,5"
"1111,Amit,Admin,Female,42.0,34256.0,5,Delhi,5"
"1112,Kapil,Finance,Female,37.0,111120.0,9,Delhi,5"
"1113,Rohit,Sales,Male,54.0,59681.0,7,Noida,1"
"1114,Kapil,HR,Male,26.0,116328.0,13,Jaipur,3"
"1115,Amit,Marketing,Female,26.0,112440.0,2,Jaipur,5"
"1116,Rohit,Finance,Male,54.0,89789.0,11,Jaipur,3"
"1117,Vikas,IT,Female,21.0,68361.0,15,Noida,5"
"1118,Neha,IT,Female,30.0,89503.0,16,Jaipur,4"
"1119,Neha,Finance,Female,41.0,59540.0,0,Gurugram,5"
"1120,Anjali,Admin,Female,25.0,51536.0,9,Noida,2"
"1121,Vikas,IT,Male,22.0,109700.0,9,Gurugram,1"
"1122,Vikas,Sales,Male,42.0,88043.0,1,Noida,4"
"1123,Kapil,HR,Male,22.0,103532.0,8,Jaipur,4"
"1124,Neha,Sales,Male,30.0,81575.0,12,Gurugram,2"
"1125,Amit,IT,Male,54.0,27871.0,15,Gurugram,5"
"1126,Ankit,Marketing,Male,36.0,71002.0,17,Gurugram,1"
"1127,Ankit,HR,Male,59.0,74812.0,18,Noida,4"
"1128,Rohit,HR,Female,42.0,47626.0,11,Faridabad,1"
"1129,Neha,Finance,Male,32.0,84979.0,7,Jaipur,4"
"1130,Neha,Finance,Male,44.0,101057.0,16,Gurugram,5"
"1131,Ankit,Marketing,Female,58.0,91668.0,14,Faridabad,4"
"1132,Neha,Admin,Male,30.0,105070.0,9,Jaipur,4"
"1133,Kapil,HR,Male,55.0,114390.0,14,Jaipur,3"
"1134,Priya,Marketing,Female,52.0,67998.0,14,Gurugram,5"
"1135,Rahul,Finance,Male,27.0,88814.0,6,Gurugram,2"
"1136,Vikas,Finance,Male,41.0,70607.0,12,Noida,2"
"1137,Anjali,HR,Male,40.0,32812.0,16,Faridabad,5"
"1138,Rohit,Sales,Female,46.0,86844.0,8,Faridabad,2"
"1139,Priya,IT,Male,24.0,95093.0,7,Gurugram,5"
"1140,Ankit,Finance,Male,42.0,27179.0,19,Jaipur,2"
"1141,Vikas,Admin,Female,35.0,68798.0,17,Gurugram,3"
"1142,Neha,Admin,Male,41.0,99601.0,12,Jaipur,2"
"1143,Anjali,Finance,Female,35.0,33275.0,15,Jaipur,4"
"1144,Neha,Sales,Female,42.0,75574.0,8,Gurugram,5"
"1145,Amit,Sales,Male,48.0,72857.0,11,Delhi,1"
"1146,Amit,Marketing,Female,34.0,45700.0,11,Faridabad,1"
"1147,Anjali,Admin,Female,47.0,64464.0,5,Jaipur,5"
"1148,Anjali,Marketing,Male,48.0,67351.0,18,Jaipur,3"
"1149,Ankit,Admin,Female,46.0,118330.0,6,Delhi,2"
"1150,Anjali,IT,Female,22.0,119319.0,2,Noida,3"
"1151,Kapil,IT,Male,45.0,107534.0,15,Delhi,1"
"1152,Neha,HR,Male,23.0,38869.0,17,Delhi,5"
"1153,Priya,Marketing,Male,28.0,85315.0,15,Jaipur,5"
"1154,Pooja,Finance,Female,53.0,118688.0,6,Faridabad,3"
"1155,Anjali,Marketing,Male,55.0,45954.0,3,Delhi,3"
"1156,Rohit,Finance,Female,26.0,56555.0,7,Noida,2"
"1157,Amit,Sales,Female,59.0,88353.0,12,Gurugram,4"
"1158,Kapil,Marketing,Female,43.0,107190.0,12,Delhi,4"
"1159,Vikas,Sales,Female,45.0,70026.0,16,Delhi,2"
"1160,Pooja,IT,Female,39.0,71976.0,16,Noida,4"
"1161,Priya,IT,Female,25.0,105578.0,4,Faridabad,1"
"1162,Pooja,HR,Female,31.0,116502.0,5,Delhi,4"
"1163,Anjali,Marketing,Male,32.0,70095.0,18,Delhi,2"
"1164,Ankit,Sales,Male,30.0,39270.0,12,Faridabad,4"
"1165,Amit,Finance,Female,28.0,55908.0,13,Noida,5"
"1166,Amit,IT,Female,44.0,40523.0,3,Delhi,3"
"1167,Vikas,IT,Male,48.0,87433.0,6,Faridabad,1"
"1168,Ankit,Finance,Female,56.0,72068.0,7,Delhi,5"
"1169,Neha,Sales,Male,57.0,44991.0,12,Gurugram,5"
"1170,Rahul,Sales,Male,41.0,35775.0,5,Jaipur,2"
"1171,Kapil,Marketing,Male,28.0,102801.0,5,Gurugram,3"
"1172,Amit,Marketing,Female,29.0,109995.0,2,Delhi,3"
"1173,Rohit,Admin,Female,35.0,86250.0,2,Noida,1"
"1174,Amit,Admin,Male,38.0,41673.0,12,Jaipur,2"
"1175,Pooja,HR,Male,40.0,52056.0,1,Gurugram,1"
"1176,Amit,IT,Male,26.0,31614.0,15,Faridabad,4"
"1177,Amit,Marketing,Male,32.0,32415.0,5,Noida,5"
"1178,Rahul,Sales,Male,22.0,113691.0,7,Gurugram,1"
"1179,Rahul,Finance,Female,27.0,68884.0,7,Faridabad,5"
"1180,Priya,Sales,Male,36.0,41964.0,5,Delhi,2"
"1181,Neha,IT,Female,23.0,62726.0,13,Faridabad,4"
"1182,Rohit,Admin,Male,23.0,62044.0,2,Gurugram,2"
"1183,Amit,Sales,Female,47.0,82149.0,9,Gurugram,4"
"1184,Amit,HR,Female,58.0,62544.0,2,Delhi,4"
"1185,Kapil,IT,Female,53.0,74976.0,11,Faridabad,5"
"1186,Rahul,Admin,Female,48.0,57252.0,16,Faridabad,2"
"1187,Rohit,Finance,Female,21.0,28832.0,4,Delhi,2"
"1188,Vikas,Admin,Female,28.0,115811.0,19,Faridabad,1"
"1189,Priya,HR,Male,57.0,105437.0,8,Delhi,2"
"1190,Neha,IT,Female,52.0,59148.0,19,Noida,1"
"1191,Ankit,Finance,Male,57.0,86240.0,6,Gurugram,3"
"1192,Neha,HR,Female,24.0,113454.0,3,Noida,3"
"1193,Pooja,Admin,Female,50.0,110076.0,12,Jaipur,3"
"1194,Amit,HR,Male,26.0,102116.0,12,Jaipur,2"
"1195,Priya,IT,Female,39.0,78459.0,9,Jaipur,2"
"1196,Pooja,Marketing,Male,52.0,63402.0,17,Delhi,1"
"1197,Rohit,HR,Male,29.0,82727.0,16,Faridabad,4"
"1198,Ankit,HR,Male,32.0,63578.0,19,Noida,1"
"1199,Rahul,Admin,Male,31.0,115453.0,19,Noida,3"
"1200,Priya,Admin,Female,36.0,47318.0,12,Noida,1"
"1201,Priya,Finance,Female,21.0,100715.0,16,Noida,4"
"1202,Amit,Admin,Male,41.0,102787.0,3,Jaipur,2"
"1203,Anjali,Sales,Female,50.0,110029.0,0,Noida,1"
"1204,Priya,IT,Female,33.0,45466.0,0,Faridabad,3"
"1205,Kapil,IT,Male,54.0,70475.0,14,Jaipur,3"
"1206,Ankit,Marketing,Female,24.0,85142.0,12,Noida,2"
"1207,Ankit,Marketing,Male,48.0,110160.0,16,Delhi,1"
"1208,Kapil,IT,Male,58.0,51564.0,7,Gurugram,4"
"1209,Vikas,Marketing,Female,51.0,47412.0,17,Gurugram,2"
"1210,Kapil,Finance,Female,47.0,118526.0,12,Gurugram,1"
"1211,Kapil,Admin,Female,25.0,76001.0,13,Jaipur,5"
"1212,Ankit,IT,Male,45.0,82649.0,7,Noida,3"
"1213,Neha,Marketing,Male,23.0,85957.0,7,Jaipur,4"
"1214,Ankit,IT,Female,53.0,60517.0,14,Faridabad,4"
"1215,Anjali,Sales,Female,24.0,38156.0,12,Delhi,4"
"1216,Amit,HR,Female,45.0,48064.0,6,Delhi,3"
"1217,Pooja,Admin,Female,40.0,50711.0,4,Gurugram,1"
"1218,Neha,IT,Male,54.0,55106.0,16,Gurugram,2"
"1219,Rahul,HR,Female,46.0,90458.0,15,Gurugram,1"
"1220,Pooja,Marketing,Male,25.0,41589.0,1,Noida,2"
"1221,Amit,HR,Male,55.0,114272.0,17,Faridabad,4"
"1222,Anjali,Admin,Female,48.0,111511.0,16,Faridabad,1"
"1223,Anjali,IT,Female,49.0,32214.0,6,Faridabad,4"
"1224,Rahul,Sales,Female,29.0,110731.0,12,Faridabad,5"
"1225,Neha,Marketing,Male,58.0,52127.0,17,Gurugram,4"
"1226,Vikas,IT,Female,26.0,30141.0,13,Delhi,4"
"1227,Kapil,Admin,Female,39.0,53884.0,17,Gurugram,2"
"1228,Neha,Marketing,Male,31.0,115421.0,12,Faridabad,5"
"1229,Vikas,Finance,Female,22.0,27708.0,10,Gurugram,4"
"1230,Anjali,HR,Male,29.0,43375.0,15,Faridabad,4"
"1231,Ankit,Admin,Female,41.0,40088.0,16,Jaipur,5"
"1232,Amit,Finance,Male,44.0,82615.0,7,Delhi,5"
"1233,Rahul,IT,Female,54.0,70046.0,18,Jaipur,1"
"1234,Amit,Sales,Female,42.0,35014.0,19,Noida,2"
"1235,Rohit,Marketing,Male,23.0,89425.0,14,Gurugram,5"
"1236,Rohit,HR,Male,32.0,28273.0,8,Noida,5"
"1237,Neha,Marketing,Female,48.0,72135.0,19,Gurugram,3"
"1238,Anjali,IT,Male,50.0,55881.0,9,Jaipur,5"
"1239,Anjali,Marketing,Male,46.0,103077.0,11,Faridabad,2"
"1240,Kapil,HR,Male,41.0,33712.0,19,Faridabad,4"
"1241,Kapil,IT,Male,48.0,99704.0,0,Gurugram,4"
"1242,Kapil,Marketing,Female,46.0,77874.0,19,Faridabad,4"
"1243,Ankit,Sales,Female,53.0,94087.0,8,Jaipur,4"
"1244,Pooja,Admin,Male,41.0,37297.0,14,Faridabad,3"
"1245,Priya,IT,Male,55.0,52128.0,0,Jaipur,5"
"1246,Pooja,Admin,Male,54.0,93368.0,11,Noida,4"
"1247,Amit,IT,Male,38.0,119019.0,2,Jaipur,1"
"1248,Pooja,Sales,Female,31.0,112599.0,10,Delhi,4"
"1249,Ankit,Admin,Female,43.0,113499.0,1,Delhi,5"
"1250,Amit,Finance,Male,42.0,103958.0,15,Delhi,4"
"1251,Pooja,HR,Male,37.0,57920.0,8,Gurugram,3"
"1252,Ankit,Finance,Male,25.0,36156.0,14,Gurugram,2"
"1253,Priya,Marketing,Female,31.0,36108.0,11,Gurugram,2"
"1254,Pooja,Sales,Male,50.0,56845.0,0,Jaipur,5"
"1255,Ankit,Finance,Female,35.0,27800.0,12,Gurugram,2"
"1256,Kapil,IT,Male,47.0,67712.0,13,Noida,2"
"1257,Anjali,Marketing,Female,55.0,27610.0,7,Delhi,1"
"1258,Kapil,Marketing,Male,53.0,102603.0,7,Jaipur,5"
"1259,Anjali,Finance,Female,40.0,58872.0,11,Delhi,5"
"1260,Rahul,Finance,Male,36.0,35728.0,0,Gurugram,2"
"1261,Rahul,Sales,Male,54.0,45583.0,10,Jaipur,2"
"1262,Rahul,HR,Male,22.0,110774.0,7,Faridabad,2"
"1263,Priya,Finance,Female,55.0,32263.0,9,Noida,3"
"1264,Kapil,Finance,Male,48.0,92450.0,18,Gurugram,4"
"1265,Anjali,Admin,Female,59.0,114285.0,10,Gurugram,3"
"1266,Ankit,IT,Female,26.0,44456.0,6,Noida,5"
"1267,Amit,Admin,Male,29.0,116118.0,10,Noida,1"
"1268,Ankit,Admin,Male,40.0,90942.0,16,Faridabad,4"
"1269,Amit,Marketing,Male,21.0,38689.0,0,Gurugram,1"
"1270,Rohit,HR,Female,28.0,57934.0,7,Gurugram,5"
"1271,Ankit,IT,Male,43.0,58276.0,5,Delhi,5"
"1272,Pooja,Sales,Female,23.0,44873.0,17,Jaipur,1"
"1273,Pooja,Sales,Female,24.0,38050.0,5,Jaipur,1"
"1274,Neha,Finance,Male,45.0,91216.0,4,Delhi,1"
"1275,Kapil,Finance,Male,58.0,109444.0,12,Jaipur,5"
"1276,Amit,Sales,Male,35.0,109040.0,18,Noida,2"
"1277,Amit,Finance,Male,41.0,46644.0,7,Jaipur,1"
"1278,Kapil,HR,Male,55.0,87021.0,8,Jaipur,4"
"1279,Priya,Admin,Male,34.0,62125.0,16,Delhi,5"
"1280,Neha,Finance,Female,56.0,91899.0,2,Faridabad,3"
"1281,Priya,Marketing,Female,32.0,67291.0,18,Jaipur,3"
"1282,Priya,Finance,Female,37.0,60060.0,10,Jaipur,4"
"1283,Priya,IT,Male,59.0,26538.0,16,Faridabad,2"
"1284,Kapil,HR,Female,29.0,61176.0,18,Delhi,1"
"1285,Priya,IT,Female,55.0,66520.0,1,Faridabad,5"
"1286,Pooja,IT,Female,33.0,50675.0,7,Delhi,1"
"1287,Rahul,Marketing,Female,35.0,43287.0,18,Noida,5"
"1288,Rohit,HR,Female,38.0,25174.0,6,Delhi,3"
"1289,Amit,HR,Male,53.0,117268.0,16,Noida,1"
"1290,Amit,HR,Male,26.0,59998.0,5,Noida,4"
"1291,Rohit,HR,Female,47.0,78312.0,18,Delhi,2"
"1292,Kapil,HR,Female,43.0,37112.0,5,Gurugram,4"
"1293,Ankit,Marketing,Female,47.0,100225.0,1,Delhi,2"
"1294,Kapil,Finance,Male,54.0,69814.0,5,Jaipur,1"
"1295,Amit,IT,Male,58.0,110091.0,4,Jaipur,1"
"1296,Amit,HR,Female,34.0,75719.0,18,Gurugram,2"
"1297,Rohit,Finance,Male,56.0,58919.0,19,Noida,3"
"1298,Priya,Finance,Male,28.0,98155.0,3,Gurugram,5"
"1299,Kapil,IT,Female,55.0,96569.0,16,Jaipur,4"
"1300,Anjali,Marketing,Male,39.0,66328.0,10,Gurugram,4"
"1301,Rohit,Sales,Male,50.0,95482.0,3,Delhi,4"
"1302,Pooja,Sales,Female,34.0,49618.0,12,Gurugram,1"
"1303,Amit,Finance,Male,40.0,59675.0,19,Noida,4"
"1304,Rohit,Admin,Male,45.0,43919.0,16,Delhi,5"
"1305,Kapil,Admin,Female,44.0,29173.0,8,Faridabad,5"
"1306,Amit,IT,Male,34.0,51400.0,3,Jaipur,2"
"1307,Ankit,Sales,Male,46.0,75445.0,13,Jaipur,1"
"1308,Rohit,Finance,Female,58.0,95305.0,18,Gurugram,5"
"1309,Neha,Marketing,Female,43.0,62564.0,2,Delhi,3"
"1310,Amit,Sales,Female,42.0,70814.0,13,Faridabad,1"
"1311,Kapil,Finance,Male,39.0,104747.0,7,Delhi,1"
"1312,Rahul,Finance,Female,23.0,113791.0,0,Jaipur,5"
"1313,Anjali,HR,Male,39.0,52962.0,9,Delhi,3"
"1314,Vikas,Marketing,Female,29.0,109892.0,17,Faridabad,2"
"1315,Priya,HR,Male,48.0,110842.0,15,Gurugram,5"
"1316,Vikas,IT,Female,40.0,95533.0,7,Noida,3"
"1317,Kapil,HR,Female,27.0,81184.0,0,Delhi,1"
"1318,Pooja,HR,Female,34.0,107912.0,11,Noida,3"
"1319,Pooja,Sales,Female,29.0,35578.0,7,Jaipur,1"
"1320,Rahul,Admin,Male,39.0,43624.0,15,Gurugram,5"
"1321,Priya,Finance,Female,34.0,64194.0,17,Gurugram,5"
"1322,Neha,Marketing,Female,58.0,25389.0,3,Delhi,4"
"1323,Rahul,HR,Male,56.0,92391.0,5,Gurugram,4"
"1324,Vikas,Marketing,Female,37.0,38794.0,11,Delhi,4"
"1325,Rahul,Admin,Male,50.0,83002.0,8,Delhi,5"
"1326,Vikas,Admin,Female,29.0,60531.0,14,Noida,2"
"1327,Amit,HR,Female,53.0,77815.0,15,Gurugram,5"
"1328,Pooja,IT,Female,45.0,29986.0,11,Delhi,3"
"1329,Amit,HR,Male,34.0,57298.0,13,Noida,5"
"1330,Anjali,Sales,Female,31.0,26481.0,12,Faridabad,5"
"1331,Priya,Finance,Female,55.0,81408.0,1,Noida,1"
"1332,Neha,IT,Female,34.0,94267.0,2,Noida,1"
"1333,Vikas,HR,Male,50.0,41835.0,9,Delhi,1"
"1334,Neha,Marketing,Male,24.0,52798.0,8,Jaipur,5"
"1335,Vikas,IT,Female,24.0,116649.0,19,Jaipur,2"
"1336,Kapil,IT,Male,48.0,89887.0,7,Jaipur,3"
"1337,Rahul,HR,Female,28.0,44477.0,9,Noida,3"
"1338,Anjali,IT,Female,22.0,42266.0,18,Delhi,2"
"1339,Pooja,Marketing,Female,42.0,111328.0,2,Gurugram,2"
"1340,Vikas,Admin,Female,36.0,110988.0,4,Noida,3"
"1341,Neha,IT,Female,49.0,68526.0,2,Noida,4"
"1342,Anjali,Admin,Female,50.0,36889.0,15,Delhi,1"
"1343,Ankit,Marketing,Female,32.0,49335.0,16,Faridabad,1"
"1344,Ankit,HR,Male,55.0,36254.0,14,Noida,3"
"1345,Amit,Finance,Male,31.0,111610.0,2,Faridabad,2"
"1346,Pooja,IT,Male,41.0,36442.0,11,Faridabad,4"
"1347,Kapil,Finance,Male,41.0,71289.0,8,Jaipur,3"
"1348,Neha,Marketing,Male,25.0,78747.0,11,Delhi,1"
"1349,Rahul,IT,Male,40.0,62327.0,14,Faridabad,5"
"1350,Rahul,Admin,Male,57.0,41199.0,1,Delhi,2"
"1351,Neha,Sales,Female,23.0,97827.0,17,Jaipur,5"
"1352,Priya,Finance,Female,53.0,25112.0,19,Delhi,3"
"1353,Kapil,IT,Female,29.0,112051.0,11,Noida,1"
"1354,Anjali,Finance,Female,29.0,44581.0,3,Faridabad,4"
"1355,Vikas,IT,Male,24.0,84722.0,15,Delhi,5"
"1356,Priya,HR,Male,55.0,117036.0,15,Gurugram,4"
"1357,Vikas,Admin,Female,37.0,41523.0,0,Delhi,1"
"1358,Vikas,Finance,Female,54.0,91960.0,1,Faridabad,5"
"1359,Priya,Sales,Male,44.0,44552.0,2,Jaipur,4"
"1360,Amit,Sales,Female,52.0,35808.0,19,Jaipur,4"
"1361,Ankit,Marketing,Female,21.0,97525.0,16,Faridabad,5"
"1362,Vikas,IT,Female,28.0,48620.0,19,Noida,1"
"1363,Priya,Finance,Female,43.0,25887.0,0,Noida,4"
"1364,Priya,Marketing,Male,32.0,56802.0,19,Jaipur,3"
"1365,Rohit,Finance,Female,32.0,110024.0,5,Jaipur,5"
"1366,Amit,IT,Female,35.0,106938.0,14,Faridabad,2"
"1367,Pooja,Sales,Male,39.0,111741.0,13,Noida,2"
"1368,Rohit,HR,Male,46.0,51049.0,19,Jaipur,1"
"1369,Rohit,Sales,Female,49.0,102789.0,14,Noida,3"
"1370,Neha,Marketing,Male,42.0,109526.0,13,Jaipur,4"
"1371,Ankit,Admin,Female,41.0,32846.0,4,Delhi,2"
"1372,Priya,HR,Female,58.0,115563.0,5,Gurugram,1"
"1373,Ankit,Marketing,Male,40.0,71220.0,16,Delhi,3"
"1374,Kapil,IT,Female,49.0,71163.0,10,Jaipur,3"
"1375,Neha,HR,Female,24.0,28765.0,15,Gurugram,1"
"1376,Pooja,Marketing,Female,27.0,106486.0,11,Gurugram,1"
"1377,Ankit,IT,Female,48.0,70270.0,14,Jaipur,4"
"1378,Rahul,Sales,Male,48.0,100277.0,3,Jaipur,1"
"1379,Vikas,Admin,Male,24.0,113278.0,17,Noida,4"
"1380,Kapil,IT,Female,42.0,115239.0,2,Jaipur,4"
"1381,Amit,Finance,Male,32.0,47931.0,7,Faridabad,5"
"1382,Pooja,IT,Female,23.0,114116.0,2,Jaipur,3"
"1383,Kapil,IT,Female,42.0,80633.0,7,Faridabad,3"
"1384,Vikas,Admin,Female,22.0,105702.0,17,Jaipur,3"
"1385,Neha,Finance,Female,44.0,76913.0,9,Noida,5"
"1386,Vikas,Marketing,Female,54.0,119776.0,19,Faridabad,4"
"1387,Rohit,Marketing,Male,47.0,50991.0,16,Delhi,4"
"1388,Vikas,IT,Female,21.0,79845.0,7,Faridabad,1"
"1389,Rohit,Finance,Male,28.0,80312.0,10,Noida,5"
"1390,Neha,Finance,Male,43.0,35561.0,4,Faridabad,1"
"1391,Anjali,Admin,Female,58.0,41901.0,12,Jaipur,5"
"1392,Rohit,Sales,Female,26.0,87875.0,4,Jaipur,1"
"1393,Amit,Marketing,Female,42.0,50917.0,12,Noida,2"
"1394,Vikas,Admin,Female,45.0,87120.0,5,Gurugram,3"
"1395,Vikas,HR,Female,38.0,26988.0,4,Jaipur,3"
"1396,Amit,Marketing,Male,37.0,39256.0,8,Delhi,4"
"1397,Rahul,Admin,Female,32.0,112728.0,15,Noida,2"
"1398,Priya,Marketing,Female,26.0,53230.0,1,Faridabad,3"
"1399,Anjali,Sales,Male,46.0,84778.0,0,Faridabad,4"
"1400,Pooja,HR,Male,47.0,70833.0,7,Delhi,2"
"1401,Rohit,Sales,Female,28.0,47625.0,18,Jaipur,3"
"1402,Amit,HR,Male,39.0,57088.0,10,Noida,1"
"1403,Neha,IT,Female,21.0,104650.0,11,Delhi,5"
"1404,Rohit,Admin,Male,49.0,66167.0,11,Jaipur,2"
"1405,Priya,HR,Male,55.0,96291.0,6,Noida,4"
"1406,Neha,Sales,Female,34.0,90303.0,12,Faridabad,2"
"1407,Kapil,Marketing,Male,55.0,101361.0,7,Noida,4"
"1408,Vikas,HR,Male,40.0,113229.0,8,Gurugram,2"
"1409,Kapil,Admin,Male,33.0,29117.0,6,Noida,4"
"1410,Rohit,HR,Male,58.0,115265.0,14,Gurugram,3"
"1411,Priya,Finance,Male,28.0,85710.0,1,Noida,1"
"1412,Anjali,Marketing,Male,40.0,119426.0,19,Gurugram,3"
"1413,Rohit,Admin,Female,53.0,119876.0,11,Faridabad,1"
"1414,Amit,Admin,Female,46.0,92054.0,0,Jaipur,3"
"1415,Ankit,IT,Male,59.0,55949.0,7,Gurugram,3"
"1416,Rohit,Sales,Female,41.0,47547.0,4,Gurugram,2"
"1417,Vikas,IT,Female,29.0,106882.0,14,Faridabad,5"
"1418,Vikas,Admin,Female,44.0,93136.0,0,Gurugram,4"
"1419,Rohit,Marketing,Male,57.0,89619.0,0,Delhi,4"
"1420,Neha,HR,Female,37.0,86842.0,9,Faridabad,4"
"1421,Ankit,HR,Male,44.0,119803.0,9,Delhi,1"
"1422,Amit,Marketing,Female,41.0,51990.0,14,Faridabad,4"
"1423,Rohit,Admin,Male,59.0,41193.0,16,Gurugram,4"
"1424,Neha,HR,Male,59.0,55109.0,5,Delhi,2"
"1425,Vikas,HR,Female,33.0,44233.0,2,Gurugram,3"
"1426,Vikas,HR,Female,31.0,106730.0,12,Faridabad,4"
"1427,Priya,Sales,Male,39.0,59510.0,15,Gurugram,5"
"1428,Rohit,Sales,Female,31.0,26306.0,7,Delhi,4"
"1429,Ankit,Finance,Female,33.0,28849.0,14,Delhi,1"
"1430,Rahul,IT,Female,21.0,37360.0,16,Gurugram,1"
"1431,Ankit,Marketing,Male,39.0,119767.0,16,Noida,1"
"1432,Vikas,Marketing,Male,32.0,70800.0,12,Faridabad,4"
"1433,Vikas,Marketing,Female,28.0,61963.0,16,Faridabad,2"
"1434,Kapil,Finance,Female,28.0,79330.0,5,Gurugram,5"
"1435,Vikas,Sales,Female,32.0,76707.0,16,Noida,4"
"1436,Amit,Admin,Male,53.0,43689.0,15,Delhi,2"
"1437,Pooja,Admin,Male,46.0,54084.0,13,Jaipur,2"
"1438,Rohit,Finance,Female,59.0,65387.0,12,Jaipur,4"
"1439,Ankit,Admin,Female,48.0,99816.0,5,Gurugram,4"
"1440,Pooja,Marketing,Female,25.0,27642.0,2,Noida,2"
"1441,Neha,IT,Female,28.0,67137.0,13,Noida,2"
"1442,Rahul,HR,Female,45.0,104832.0,13,Faridabad,2"
"1443,Amit,Sales,Female,47.0,80561.0,14,Delhi,4"
"1444,Ankit,Sales,Male,43.0,87260.0,7,Noida,2"
"1445,Pooja,Finance,Female,50.0,40438.0,14,Jaipur,1"
"1446,Rahul,Sales,Male,43.0,73442.0,12,Delhi,4"
"1447,Kapil,Marketing,Female,40.0,27994.0,16,Delhi,1"
"1448,Amit,Admin,Female,38.0,26813.0,2,Gurugram,3"
"1449,Amit,Marketing,Male,38.0,118027.0,5,Noida,4"
"1450,Kapil,Finance,Male,22.0,109381.0,4,Gurugram,3"
"1451,Rohit,Marketing,Male,24.0,80276.0,16,Noida,2"
"1452,Kapil,Admin,Male,50.0,66243.0,1,Faridabad,2"
"1453,Amit,IT,Female,53.0,87912.0,14,Gurugram,5"
"1454,Amit,Finance,Male,56.0,85272.0,4,Gurugram,2"
"1455,Pooja,IT,Female,38.0,67051.0,19,Jaipur,3"
"1456,Vikas,HR,Male,57.0,103854.0,5,Gurugram,2"
"1457,Rahul,IT,Female,39.0,107736.0,5,Noida,4"
"1458,Kapil,HR,Female,48.0,90618.0,17,Jaipur,2"
"1459,Rahul,HR,Female,40.0,26920.0,17,Gurugram,5"
"1460,Kapil,IT,Female,53.0,102219.0,3,Gurugram,2"
"1461,Neha,Finance,Female,32.0,101872.0,16,Faridabad,3"
"1462,Amit,Admin,Female,35.0,106132.0,13,Gurugram,3"
"1463,Vikas,Marketing,Male,59.0,27093.0,13,Delhi,2"
"1464,Pooja,Marketing,Female,22.0,37905.0,12,Jaipur,3"
"1465,Vikas,Admin,Male,49.0,49351.0,6,Delhi,3"
"1466,Vikas,HR,Male,30.0,55981.0,11,Jaipur,5"
"1467,Vikas,HR,Female,22.0,98903.0,14,Faridabad,4"
"1468,Rahul,Finance,Male,31.0,95821.0,18,Gurugram,5"
"1469,Kapil,Sales,Female,33.0,107289.0,10,Gurugram,1"
"1470,Anjali,IT,Male,30.0,109021.0,14,Gurugram,5"
"1471,Neha,HR,Female,34.0,103513.0,11,Jaipur,2"
"1472,Ankit,Marketing,Male,38.0,44874.0,2,Gurugram,4"
"1473,Vikas,Finance,Female,29.0,75931.0,16,Delhi,2"
"1474,Rohit,IT,Female,59.0,32674.0,2,Gurugram,1"
"1475,Rahul,Finance,Female,48.0,75516.0,18,Faridabad,4"
"1476,Pooja,IT,Female,23.0,119574.0,19,Delhi,3"
"1477,Ankit,IT,Male,40.0,85686.0,3,Gurugram,5"
"1478,Anjali,Admin,Female,26.0,119851.0,2,Gurugram,2"
"1479,Rohit,HR,Male,47.0,94212.0,15,Noida,1"
"1480,Anjali,Finance,Male,22.0,27426.0,11,Jaipur,3"
"1481,Ankit,Finance,Male,49.0,115009.0,7,Delhi,5"
"1482,Vikas,Admin,Female,58.0,93498.0,16,Noida,3"
"1483,Rohit,Marketing,Male,23.0,54943.0,6,Faridabad,5"
"1484,Anjali,Marketing,Male,36.0,91395.0,10,Jaipur,4"
"1485,Pooja,HR,Male,50.0,69816.0,17,Delhi,3"
"1486,Kapil,HR,Female,22.0,29138.0,0,Gurugram,3"
"1487,Amit,Sales,Female,37.0,116176.0,2,Delhi,3"
"1488,Kapil,Admin,Male,32.0,100945.0,3,Gurugram,4"
"1489,Ankit,Marketing,Female,55.0,29017.0,12,Jaipur,1"
"1490,Rahul,IT,Female,21.0,35451.0,5,Gurugram,5"
"1491,Amit,Finance,Male,35.0,87956.0,13,Faridabad,3"
"1492,Neha,HR,Male,46.0,118863.0,4,Gurugram,4"
"1493,Pooja,Finance,Female,57.0,35278.0,15,Faridabad,1"
"1494,Neha,Finance,Male,41.0,115480.0,14,Jaipur,5"
"1495,Rohit,Sales,Female,51.0,68764.0,14,Jaipur,4"
"1496,Amit,Marketing,Female,45.0,26134.0,3,Delhi,5"
"1497,Neha,HR,Female,43.0,87943.0,7,Faridabad,3"
"1498,Neha,Finance,Female,44.0,79318.0,15,Faridabad,1"
"1499,Anjali,HR,Female,58.0,85128.0,15,Noida,4"
"1500,Kapil,IT,Female,48.0,113056.0,3,Noida,1"
"1501,Anjali,Sales,Male,41.0,46869.0,12,Noida,3"
"1502,Amit,IT,Male,38.0,30039.0,12,Gurugram,1"
"1503,Amit,HR,Female,56.0,46281.0,1,Noida,1"
"1504,Ankit,HR,Female,55.0,35442.0,2,Faridabad,2"
"1505,Anjali,Marketing,Female,29.0,98788.0,7,Gurugram,1"
"1506,Priya,Finance,Male,58.0,52586.0,14,Jaipur,5"
"1507,Kapil,Finance,Female,50.0,78053.0,10,Delhi,4"
"1508,Amit,IT,Male,54.0,75489.0,8,Noida,2"
"1509,Ankit,Sales,Female,52.0,108104.0,6,Jaipur,4"
"1510,Anjali,Admin,Female,23.0,111346.0,12,Faridabad,4"
"1511,Kapil,Finance,Male,23.0,92087.0,1,Delhi,3"
"1512,Anjali,Marketing,Male,48.0,37625.0,7,Jaipur,3"
"1513,Neha,IT,Female,35.0,59397.0,6,Delhi,2"
"1514,Ankit,IT,Female,43.0,83671.0,11,Noida,3"
"1515,Kapil,Admin,Female,31.0,116785.0,18,Faridabad,3"
"1516,Vikas,Marketing,Male,52.0,91897.0,6,Delhi,3"
"1517,Rohit,Sales,Male,56.0,51149.0,9,Jaipur,4"
"1518,Rohit,Marketing,Male,53.0,85030.0,15,Noida,2"
"1519,Kapil,Sales,Male,44.0,94906.0,2,Noida,4"
"1520,Anjali,Marketing,Male,59.0,30283.0,9,Jaipur,5"
"1521,Ankit,Marketing,Male,54.0,32610.0,5,Jaipur,4"
"1522,Rohit,HR,Female,48.0,68326.0,17,Delhi,5"
"1523,Ankit,IT,Female,57.0,39924.0,17,Gurugram,1"
"1524,Rohit,Marketing,Male,27.0,101162.0,4,Noida,1"
"1525,Neha,Admin,Female,24.0,25869.0,6,Delhi,5"
"1526,Anjali,Marketing,Female,57.0,26014.0,1,Jaipur,5"
"1527,Neha,Finance,Male,21.0,35103.0,10,Delhi,4"
"1528,Rohit,IT,Female,21.0,107522.0,12,Jaipur,5"
"1529,Vikas,Finance,Male,40.0,58458.0,4,Faridabad,2"
"1530,Vikas,IT,Male,39.0,115605.0,5,Jaipur,1"
"1531,Neha,Finance,Female,49.0,107409.0,13,Jaipur,1"
"1532,Vikas,Marketing,Male,30.0,48248.0,11,Jaipur,5"
"1533,Rohit,Marketing,Male,38.0,114160.0,3,Gurugram,3"
"1534,Kapil,HR,Male,48.0,68516.0,5,Jaipur,3"
"1535,Neha,Admin,Male,55.0,54061.0,9,Noida,5"
"1536,Rahul,Finance,Male,51.0,49170.0,17,Noida,2"
"1537,Anjali,Sales,Male,47.0,33024.0,14,Delhi,3"
"1538,Vikas,HR,Male,31.0,107214.0,7,Gurugram,5"
"1539,Vikas,Finance,Male,58.0,110947.0,8,Delhi,2"
"1540,Amit,Finance,Female,25.0,68803.0,4,Noida,2"
"1541,Priya,HR,Female,28.0,44296.0,9,Noida,4"
"1542,Neha,Marketing,Female,54.0,116829.0,19,Faridabad,2"
"1543,Pooja,Finance,Male,32.0,117708.0,5,Jaipur,3"
"1544,Vikas,Marketing,Male,58.0,111664.0,15,Noida,3"
"1545,Anjali,HR,Female,21.0,43257.0,2,Delhi,5"
"1546,Rahul,Marketing,Female,51.0,37855.0,9,Delhi,5"
"1547,Vikas,IT,Female,24.0,110178.0,10,Jaipur,2"
"1548,Rahul,Sales,Male,25.0,45025.0,10,Jaipur,1"
"1549,Rohit,Finance,Female,50.0,29458.0,16,Faridabad,4"
"1550,Rohit,Admin,Female,44.0,88610.0,3,Gurugram,1"
"1551,Priya,Sales,Male,23.0,95843.0,3,Delhi,2"
"1552,Kapil,Marketing,Female,31.0,108961.0,16,Jaipur,2"
"1553,Pooja,Finance,Male,24.0,74831.0,8,Delhi,1"
"1554,Amit,Marketing,Male,46.0,68427.0,18,Jaipur,4"
"1555,Priya,IT,Male,47.0,118809.0,4,Noida,1"
"1556,Ankit,HR,Female,47.0,63506.0,5,Delhi,5"
"1557,Amit,Finance,Female,26.0,30668.0,2,Noida,3"
"1558,Neha,IT,Male,35.0,116470.0,0,Delhi,5"
"1559,Anjali,IT,Female,50.0,72195.0,19,Gurugram,3"
"1560,Ankit,Finance,Female,57.0,98233.0,15,Faridabad,2"
"1561,Ankit,Marketing,Female,57.0,49417.0,10,Noida,4"
"1562,Priya,Admin,Female,57.0,106982.0,12,Jaipur,1"
"1563,Kapil,IT,Male,55.0,35751.0,9,Gurugram,4"
"1564,Priya,Sales,Female,43.0,71218.0,2,Delhi,1"
"1565,Neha,IT,Male,26.0,32352.0,8,Noida,5"
"1566,Vikas,Admin,Male,24.0,104052.0,11,Delhi,5"
"1567,Vikas,Marketing,Female,38.0,113835.0,13,Delhi,1"
"1568,Kapil,Marketing,Male,29.0,53927.0,0,Delhi,4"
"1569,Neha,Sales,Female,49.0,66094.0,17,Faridabad,1"
"1570,Kapil,IT,Female,33.0,79122.0,16,Faridabad,2"
"1571,Rahul,Marketing,Male,37.0,54493.0,8,Jaipur,5"
"1572,Vikas,Admin,Male,52.0,117247.0,8,Noida,2"
"1573,Ankit,Finance,Male,42.0,98539.0,9,Gurugram,5"
"1574,Pooja,HR,Male,24.0,56707.0,18,Gurugram,5"
"1575,Anjali,HR,Female,25.0,93814.0,14,Gurugram,3"
"1576,Neha,HR,Female,57.0,32296.0,4,Delhi,2"
"1577,Amit,IT,Female,33.0,50398.0,14,Faridabad,2"
"1578,Kapil,Sales,Male,54.0,60842.0,19,Noida,3"
"1579,Anjali,Marketing,Male,42.0,38261.0,1,Delhi,4"
"1580,Amit,Finance,Male,43.0,101709.0,12,Faridabad,2"
"1581,Anjali,Admin,Female,23.0,81704.0,15,Faridabad,1"
"1582,Pooja,Finance,Male,54.0,92173.0,14,Noida,3"
"1583,Amit,Admin,Female,52.0,56781.0,9,Noida,2"
"1584,Priya,IT,Male,41.0,38652.0,13,Noida,4"
"1585,Rohit,HR,Female,41.0,30103.0,9,Delhi,2"
"1586,Priya,IT,Female,31.0,50500.0,13,Jaipur,5"
"1587,Vikas,Sales,Male,59.0,60529.0,8,Noida,1"
"1588,Rohit,Sales,Male,24.0,43452.0,13,Jaipur,3"
"1589,Priya,Admin,Female,21.0,74393.0,2,Delhi,5"
"1590,Rohit,Marketing,Female,48.0,56174.0,19,Jaipur,4"
"1591,Rohit,Marketing,Male,44.0,89450.0,15,Gurugram,5"
"1592,Ankit,Admin,Male,55.0,60436.0,1,Jaipur,5"
"1593,Kapil,Sales,Female,33.0,72406.0,9,Noida,4"
"1594,Kapil,Sales,Male,54.0,88059.0,2,Delhi,5"
"1595,Ankit,Sales,Female,31.0,40954.0,10,Noida,3"
"1596,Anjali,IT,Female,56.0,107722.0,10,Gurugram,2"
"1597,Rahul,Sales,Male,37.0,37356.0,12,Noida,5"
"1598,Anjali,Finance,Male,55.0,27187.0,6,Noida,3"
"1599,Amit,HR,Male,38.0,102243.0,16,Noida,2"
"1600,Amit,Sales,Male,42.0,60098.0,1,Faridabad,2"
"1601,Rohit,Admin,Male,44.0,117471.0,11,Gurugram,5"
"1602,Priya,HR,Female,39.0,46225.0,9,Noida,3"
"1603,Priya,IT,Female,57.0,28606.0,17,Noida,5"
"1604,Kapil,Admin,Male,59.0,82620.0,10,Noida,4"
"1605,Neha,HR,Male,41.0,57828.0,15,Delhi,2"
"1606,Anjali,Admin,Male,28.0,51489.0,16,Faridabad,5"
"1607,Vikas,IT,Female,48.0,39387.0,18,Delhi,2"
"1608,Pooja,Finance,Male,25.0,94463.0,17,Faridabad,3"
"1609,Priya,IT,Male,37.0,96832.0,2,Noida,1"
"1610,Pooja,IT,Female,57.0,27591.0,15,Gurugram,5"
"1611,Rohit,Admin,Female,56.0,73516.0,5,Jaipur,5"
"1612,Pooja,Marketing,Male,39.0,116683.0,11,Jaipur,2"
"1613,Vikas,Sales,Male,47.0,87061.0,10,Noida,3"
"1614,Ankit,Sales,Male,54.0,91736.0,14,Delhi,4"
"1615,Vikas,Finance,Female,31.0,106257.0,14,Gurugram,3"
"1616,Pooja,Finance,Male,32.0,86753.0,15,Faridabad,5"
"1617,Vikas,Sales,Male,41.0,109774.0,9,Noida,4"
"1618,Rahul,Marketing,Male,31.0,36087.0,11,Gurugram,3"
"1619,Rohit,Sales,Female,59.0,55816.0,12,Gurugram,1"
"1620,Anjali,Marketing,Female,48.0,48408.0,3,Faridabad,2"
"1621,Ankit,Finance,Male,25.0,25136.0,6,Gurugram,3"
"1622,Priya,HR,Male,37.0,42413.0,1,Delhi,3"
"1623,Amit,Admin,Female,40.0,84500.0,14,Delhi,1"
"1624,Anjali,Finance,Female,32.0,109514.0,7,Delhi,5"
"1625,Amit,Finance,Female,26.0,81358.0,6,Gurugram,2"
"1626,Rohit,IT,Female,37.0,91197.0,14,Delhi,3"
"1627,Ankit,IT,Female,39.0,117789.0,13,Faridabad,4"
"1628,Kapil,IT,Female,46.0,117420.0,7,Gurugram,3"
"1629,Priya,Admin,Female,52.0,57854.0,11,Jaipur,2"
"1630,Rahul,IT,Female,26.0,101240.0,12,Gurugram,3"
"1631,Kapil,Marketing,Female,56.0,115063.0,10,Faridabad,1"
"1632,Rohit,Sales,Male,58.0,41322.0,16,Jaipur,3"
"1633,Anjali,HR,Male,31.0,31968.0,16,Gurugram,3"
"1634,Rahul,Finance,Male,53.0,52518.0,3,Delhi,4"
"1635,Vikas,Marketing,Female,44.0,76925.0,7,Noida,1"
"1636,Pooja,HR,Male,43.0,84848.0,4,Noida,1"
"1637,Rahul,Marketing,Female,35.0,118422.0,15,Delhi,3"
"1638,Rohit,Marketing,Female,47.0,26700.0,3,Noida,4"
"1639,Neha,Finance,Male,31.0,118782.0,14,Noida,3"
"1640,Pooja,Sales,Female,37.0,48199.0,11,Delhi,3"
"1641,Amit,IT,Male,34.0,69589.0,4,Delhi,2"
"1642,Priya,Admin,Male,47.0,57115.0,15,Gurugram,2"
"1643,Amit,Sales,Male,38.0,86934.0,13,Gurugram,4"
"1644,Rahul,Admin,Female,48.0,79316.0,9,Delhi,5"
"1645,Amit,Finance,Male,24.0,30520.0,6,Faridabad,2"
"1646,Rohit,Finance,Female,27.0,61455.0,12,Noida,5"
"1647,Vikas,Finance,Male,55.0,111465.0,19,Gurugram,1"
"1648,Anjali,HR,Male,29.0,66605.0,4,Noida,2"
"1649,Priya,Admin,Male,28.0,39955.0,2,Jaipur,2"
"1650,Amit,Sales,Female,37.0,69049.0,14,Delhi,4"
"1651,Amit,Sales,Female,37.0,38917.0,3,Faridabad,5"
"1652,Rahul,Marketing,Female,53.0,95293.0,14,Jaipur,2"
"1653,Anjali,Marketing,Male,52.0,103581.0,13,Jaipur,2"
"1654,Kapil,Marketing,Male,28.0,89925.0,19,Jaipur,4"
"1655,Amit,Finance,Female,39.0,95269.0,18,Delhi,4"
"1656,Rohit,Sales,Female,58.0,55954.0,12,Gurugram,5"
"1657,Neha,Admin,Female,23.0,97617.0,9,Delhi,1"
"1658,Priya,Finance,Female,25.0,66458.0,4,Gurugram,1"
"1659,Amit,HR,Female,33.0,114037.0,19,Jaipur,3"
"1660,Rohit,Marketing,Female,51.0,46113.0,19,Jaipur,2"
"1661,Rohit,Finance,Male,36.0,115226.0,5,Faridabad,5"
"1662,Priya,Finance,Female,52.0,68939.0,3,Gurugram,2"
"1663,Kapil,HR,Male,42.0,54345.0,1,Jaipur,5"
"1664,Rohit,IT,Male,49.0,71313.0,15,Noida,5"
"1665,Neha,Sales,Female,42.0,117365.0,17,Faridabad,5"
"1666,Rohit,Admin,Female,23.0,94166.0,4,Delhi,2"
"1667,Rohit,IT,Male,30.0,72861.0,3,Faridabad,4"
"1668,Rohit,Marketing,Female,41.0,74298.0,12,Noida,2"
"1669,Vikas,Finance,Female,36.0,72221.0,18,Gurugram,5"
"1670,Vikas,HR,Male,32.0,69942.0,1,Delhi,3"
"1671,Kapil,HR,Male,22.0,28453.0,12,Delhi,1"
"1672,Amit,Sales,Male,44.0,79935.0,10,Gurugram,5"
"1673,Rohit,IT,Female,55.0,68370.0,3,Faridabad,3"
"1674,Anjali,Sales,Male,50.0,33328.0,19,Jaipur,4"
"1675,Amit,Finance,Female,50.0,40534.0,19,Faridabad,5"
"1676,Kapil,Sales,Male,55.0,110280.0,14,Noida,3"
"1677,Ankit,Admin,Male,39.0,109925.0,3,Jaipur,5"
"1678,Amit,HR,Male,28.0,61320.0,8,Faridabad,2"
"1679,Amit,HR,Female,46.0,74170.0,6,Gurugram,3"
"1680,Pooja,Marketing,Female,27.0,105201.0,18,Noida,2"
"1681,Rahul,Marketing,Male,50.0,33640.0,18,Noida,2"
"1682,Pooja,Finance,Male,27.0,116057.0,5,Noida,3"
"1683,Neha,Admin,Male,23.0,55049.0,5,Jaipur,1"
"1684,Vikas,IT,Female,21.0,30618.0,19,Delhi,3"
"1685,Vikas,Sales,Male,56.0,81053.0,14,Jaipur,1"
"1686,Rahul,Finance,Female,45.0,26920.0,14,Faridabad,5"
"1687,Priya,Marketing,Male,57.0,68937.0,19,Delhi,5"
"1688,Priya,Sales,Male,21.0,94724.0,8,Faridabad,3"
"1689,Kapil,Marketing,Male,35.0,37207.0,3,Delhi,5"
"1690,Rahul,Sales,Male,57.0,90774.0,17,Jaipur,4"
"1691,Amit,IT,Male,33.0,57972.0,17,Noida,2"
"1692,Priya,Finance,Male,28.0,35799.0,4,Gurugram,2"
"1693,Rohit,Sales,Female,25.0,96088.0,19,Noida,1"
"1694,Anjali,Admin,Male,29.0,53916.0,10,Jaipur,5"
"1695,Amit,HR,Female,21.0,95463.0,4,Delhi,1"
"1696,Neha,Admin,Male,56.0,118500.0,3,Noida,2"
"1697,Rohit,Admin,Male,55.0,101700.0,11,Jaipur,2"
"1698,Rohit,HR,Female,22.0,62158.0,1,Faridabad,5"
"1699,Rahul,Admin,Male,43.0,109607.0,12,Gurugram,4"
"1700,Kapil,Sales,Female,29.0,96696.0,9,Noida,4"
"1701,Neha,Sales,Female,54.0,86510.0,8,Delhi,5"
"1702,Priya,Sales,Male,34.0,83692.0,9,Faridabad,5"
"1703,Rahul,HR,Female,24.0,86744.0,6,Jaipur,1"
"1704,Priya,Admin,Female,50.0,40810.0,3,Gurugram,5"
"1705,Rahul,HR,Male,51.0,30126.0,18,Delhi,4"
"1706,Rahul,Sales,Female,58.0,55009.0,9,Jaipur,5"
"1707,Rahul,Admin,Male,31.0,115932.0,2,Jaipur,1"
"1708,Kapil,Admin,Male,55.0,25192.0,18,Noida,1"
"1709,Rahul,Marketing,Male,28.0,61413.0,1,Noida,1"
"1710,Ankit,Marketing,Male,23.0,37816.0,19,Delhi,1"
"1711,Anjali,IT,Female,34.0,64082.0,9,Jaipur,3"
"1712,Priya,Finance,Male,33.0,90048.0,1,Noida,5"
"1713,Amit,Marketing,Male,52.0,75940.0,1,Gurugram,2"
"1714,Pooja,HR,Female,54.0,57130.0,16,Gurugram,5"
"1715,Neha,Marketing,Male,39.0,65142.0,15,Jaipur,3"
"1716,Vikas,IT,Male,58.0,61468.0,15,Noida,1"
"1717,Kapil,Admin,Female,36.0,55698.0,13,Delhi,3"
"1718,Amit,IT,Female,22.0,35655.0,6,Delhi,4"
"1719,Rohit,Admin,Female,37.0,72897.0,10,Delhi,4"
"1720,Ankit,Admin,Female,54.0,55075.0,0,Gurugram,5"
"1721,Vikas,Finance,Female,36.0,34359.0,10,Noida,5"
"1722,Pooja,Marketing,Female,58.0,67056.0,3,Noida,2"
"1723,Amit,HR,Female,22.0,76831.0,6,Gurugram,2"
"1724,Vikas,HR,Male,22.0,84191.0,14,Delhi,4"
"1725,Amit,Sales,Female,46.0,58272.0,17,Delhi,1"
"1726,Ankit,Admin,Female,33.0,39671.0,11,Jaipur,3"
"1727,Pooja,HR,Female,51.0,52048.0,16,Faridabad,2"
"1728,Rohit,Finance,Male,54.0,101274.0,0,Noida,2"
"1729,Rahul,Admin,Male,59.0,50963.0,10,Noida,1"
"1730,Priya,Finance,Female,23.0,68954.0,0,Noida,1"
"1731,Rohit,HR,Female,28.0,97309.0,14,Faridabad,5"
"1732,Rahul,HR,Female,43.0,25717.0,9,Jaipur,3"
"1733,Kapil,Sales,Male,34.0,36676.0,6,Faridabad,1"
"1734,Anjali,HR,Male,47.0,29434.0,1,Delhi,2"
"1735,Neha,Admin,Female,49.0,74810.0,9,Delhi,2"
"1736,Neha,Admin,Male,59.0,119636.0,3,Noida,4"
"1737,Priya,Admin,Female,59.0,29994.0,11,Gurugram,1"
"1738,Pooja,Sales,Male,21.0,29234.0,18,Noida,5"
"1739,Ankit,Sales,Male,37.0,94300.0,10,Gurugram,3"
"1740,Pooja,HR,Female,50.0,68949.0,7,Faridabad,5"
"1741,Ankit,IT,Female,33.0,62405.0,17,Delhi,2"
"1742,Pooja,IT,Female,41.0,59872.0,10,Gurugram,5"
"1743,Anjali,Sales,Female,39.0,67215.0,10,Faridabad,2"
"1744,Kapil,HR,Male,39.0,48185.0,12,Delhi,2"
"1745,Kapil,IT,Male,45.0,68442.0,2,Gurugram,2"
"1746,Rahul,HR,Male,42.0,76759.0,11,Noida,2"
"1747,Vikas,HR,Female,51.0,66153.0,2,Noida,2"
"1748,Kapil,HR,Male,37.0,102535.0,9,Noida,4"
"1749,Kapil,Marketing,Female,43.0,27581.0,16,Faridabad,5"
"1750,Rohit,Admin,Male,52.0,76717.0,1,Noida,4"
"1751,Rohit,HR,Female,30.0,27763.0,16,Jaipur,4"
"1752,Rahul,Marketing,Female,30.0,117910.0,15,Delhi,1"
"1753,Vikas,Sales,Male,56.0,80480.0,1,Faridabad,1"
"1754,Priya,IT,Female,28.0,63759.0,19,Noida,1"
"1755,Rohit,Admin,Female,40.0,101067.0,5,Delhi,3"
"1756,Priya,IT,Male,52.0,50307.0,9,Gurugram,1"
"1757,Amit,Admin,Female,34.0,36064.0,9,Noida,5"
"1758,Rohit,IT,Female,48.0,101848.0,7,Delhi,4"
"1759,Anjali,Admin,Female,44.0,62548.0,0,Jaipur,5"
"1760,Vikas,IT,Male,35.0,61945.0,12,Gurugram,1"
"1761,Rahul,IT,Male,42.0,72937.0,8,Jaipur,3"
"1762,Amit,IT,Female,50.0,31476.0,9,Delhi,3"
"1763,Vikas,IT,Male,24.0,76756.0,14,Jaipur,4"
"1764,Anjali,Sales,Female,33.0,115101.0,4,Delhi,5"
"1765,Vikas,HR,Female,43.0,27382.0,15,Delhi,2"
"1766,Anjali,Finance,Female,28.0,74683.0,12,Jaipur,5"
"1767,Anjali,Marketing,Female,38.0,112999.0,19,Delhi,1"
"1768,Priya,Finance,Female,32.0,70276.0,17,Noida,2"
"1769,Pooja,Finance,Male,51.0,58402.0,10,Delhi,3"
"1770,Amit,Admin,Female,34.0,116881.0,8,Faridabad,4"
"1771,Vikas,HR,Male,54.0,51946.0,15,Delhi,4"
"1772,Ankit,Admin,Male,38.0,104698.0,1,Faridabad,3"
"1773,Amit,HR,Female,54.0,98933.0,1,Delhi,1"
"1774,Pooja,HR,Female,31.0,47335.0,11,Delhi,3"
"1775,Amit,IT,Male,32.0,70095.0,7,Jaipur,1"
"1776,Kapil,Sales,Male,35.0,104930.0,8,Noida,2"
"1777,Ankit,IT,Male,51.0,52197.0,11,Noida,3"
"1778,Pooja,Sales,Female,49.0,47010.0,8,Gurugram,1"
"1779,Priya,Admin,Male,46.0,49123.0,9,Jaipur,2"
"1780,Vikas,Sales,Female,38.0,112923.0,1,Jaipur,3"
"1781,Neha,Admin,Female,52.0,27890.0,15,Noida,4"
"1782,Pooja,Finance,Female,42.0,118305.0,19,Jaipur,3"
"1783,Rahul,Finance,Male,58.0,33026.0,6,Noida,5"
"1784,Vikas,Sales,Female,37.0,89925.0,1,Jaipur,3"
"1785,Pooja,Sales,Female,43.0,93842.0,0,Delhi,5"
"1786,Kapil,Admin,Female,44.0,58665.0,18,Noida,2"
"1787,Neha,IT,Female,28.0,34277.0,3,Noida,3"
"1788,Kapil,Admin,Female,26.0,67239.0,1,Faridabad,2"
"1789,Neha,IT,Male,25.0,72664.0,13,Jaipur,2"
"1790,Rahul,Finance,Female,49.0,73008.0,1,Jaipur,1"
"1791,Vikas,HR,Female,48.0,39683.0,14,Noida,2"
"1792,Priya,Sales,Male,31.0,25670.0,11,Delhi,2"
"1793,Kapil,IT,Female,21.0,114211.0,4,Delhi,3"
"1794,Kapil,Admin,Male,39.0,42889.0,19,Delhi,3"
"1795,Anjali,Finance,Female,29.0,80612.0,6,Jaipur,4"
"1796,Neha,IT,Male,47.0,69535.0,9,Faridabad,1"
"1797,Rohit,Admin,Male,54.0,103542.0,13,Noida,2"
"1798,Vikas,Sales,Female,24.0,79319.0,13,Gurugram,1"
"1799,Neha,Sales,Female,56.0,117067.0,4,Faridabad,5"
"1800,Anjali,Marketing,Female,38.0,46639.0,17,Gurugram,2"
"1801,Amit,HR,Male,35.0,89712.0,13,Faridabad,1"
"1802,Neha,Marketing,Male,33.0,41633.0,1,Delhi,4"
"1803,Priya,Finance,Male,39.0,59660.0,11,Jaipur,4"
"1804,Vikas,IT,Female,26.0,93975.0,5,Gurugram,2"
"1805,Anjali,Finance,Male,32.0,57172.0,3,Faridabad,5"
"1806,Amit,Admin,Male,57.0,84197.0,12,Jaipur,4"
"1807,Ankit,Sales,Female,37.0,83847.0,3,Gurugram,4"
"1808,Anjali,Marketing,Male,43.0,36577.0,13,Noida,5"
"1809,Ankit,Marketing,Male,46.0,102299.0,15,Faridabad,1"
"1810,Vikas,Marketing,Female,49.0,45176.0,3,Noida,4"
"1811,Kapil,Finance,Male,53.0,69386.0,0,Delhi,3"
"1812,Anjali,Sales,Female,47.0,88972.0,12,Noida,4"
"1813,Rahul,IT,Female,45.0,114791.0,3,Noida,1"
"1814,Ankit,Admin,Female,30.0,66003.0,19,Faridabad,1"
"1815,Priya,IT,Female,43.0,44996.0,17,Delhi,2"
"1816,Rahul,Finance,Female,41.0,111598.0,5,Noida,3"
"1817,Pooja,Admin,Male,41.0,60931.0,2,Jaipur,1"
"1818,Pooja,Marketing,Male,33.0,60710.0,12,Gurugram,5"
"1819,Amit,HR,Female,57.0,59693.0,15,Noida,3"
"1820,Kapil,Finance,Female,53.0,60740.0,4,Delhi,3"
"1821,Vikas,Finance,Male,44.0,102241.0,3,Noida,5"
"1822,Anjali,Sales,Female,31.0,118583.0,7,Gurugram,4"
"1823,Rohit,IT,Female,37.0,101502.0,18,Delhi,5"
"1824,Priya,Finance,Female,24.0,42374.0,13,Faridabad,5"
"1825,Ankit,Finance,Male,45.0,101674.0,6,Delhi,4"
"1826,Vikas,Marketing,Male,50.0,106471.0,13,Faridabad,4"
"1827,Rahul,Marketing,Female,29.0,70913.0,5,Delhi,4"
"1828,Pooja,Admin,Female,41.0,91025.0,11,Gurugram,4"
"1829,Priya,HR,Male,40.0,69516.0,15,Gurugram,4"
"1830,Rohit,Sales,Male,39.0,112796.0,16,Delhi,5"
"1831,Anjali,HR,Female,39.0,51069.0,12,Noida,2"
"1832,Amit,Admin,Female,32.0,81233.0,13,Gurugram,2"
"1833,Rohit,Marketing,Male,57.0,109811.0,6,Faridabad,1"
"1834,Priya,IT,Male,37.0,84049.0,13,Faridabad,2"
"1835,Rohit,Marketing,Male,57.0,64178.0,14,Jaipur,2"
"1836,Priya,Sales,Female,59.0,57821.0,11,Faridabad,5"
"1837,Priya,Marketing,Male,48.0,76727.0,16,Jaipur,4"
"1838,Neha,Sales,Female,55.0,85935.0,8,Delhi,4"
"1839,Ankit,Sales,Male,38.0,41999.0,14,Delhi,5"
"1840,Pooja,Sales,Male,34.0,87522.0,11,Delhi,2"
"1841,Neha,Admin,Male,55.0,63712.0,1,Noida,5"
"1842,Anjali,Sales,Male,27.0,89551.0,4,Noida,1"
"1843,Neha,Sales,Female,33.0,65172.0,12,Jaipur,4"
"1844,Kapil,IT,Female,38.0,58722.0,19,Faridabad,3"
"1845,Kapil,HR,Male,57.0,35625.0,7,Faridabad,1"
"1846,Pooja,Finance,Female,33.0,92165.0,13,Delhi,1"
"1847,Rohit,HR,Male,56.0,101509.0,14,Gurugram,5"
"1848,Ankit,Sales,Male,51.0,31859.0,10,Noida,2"
"1849,Pooja,IT,Male,22.0,66609.0,0,Noida,4"
"1850,Priya,Marketing,Male,36.0,68307.0,2,Delhi,3"
"1851,Rahul,IT,Female,29.0,46839.0,16,Noida,1"
"1852,Ankit,Sales,Male,29.0,52216.0,18,Delhi,3"
"1853,Ankit,IT,Male,58.0,77953.0,13,Jaipur,2"
"1854,Priya,IT,Female,31.0,109481.0,7,Faridabad,2"
"1855,Priya,Sales,Male,42.0,85593.0,12,Gurugram,3"
"1856,Amit,Admin,Male,53.0,97075.0,19,Faridabad,4"
"1857,Pooja,IT,Male,56.0,74522.0,2,Faridabad,2"
"1858,Priya,Finance,Female,43.0,29886.0,4,Jaipur,3"
"1859,Kapil,Finance,Male,54.0,32485.0,8,Noida,1"
"1860,Anjali,IT,Female,29.0,56455.0,5,Gurugram,3"
"1861,Rahul,Admin,Male,44.0,41767.0,1,Noida,3"
"1862,Pooja,Marketing,Male,28.0,53453.0,12,Faridabad,5"
"1863,Vikas,Sales,Female,27.0,101280.0,4,Delhi,2"
"1864,Kapil,Finance,Male,56.0,78442.0,7,Faridabad,4"
"1865,Rohit,Marketing,Male,38.0,76877.0,0,Noida,4"
"1866,Priya,IT,Female,23.0,37226.0,19,Faridabad,5"
"1867,Vikas,Marketing,Female,48.0,118405.0,11,Delhi,4"
"1868,Priya,HR,Female,26.0,47588.0,10,Jaipur,3"
"1869,Ankit,Finance,Female,41.0,103976.0,6,Noida,5"
"1870,Kapil,IT,Female,48.0,56709.0,14,Faridabad,1"
"1871,Ankit,Sales,Male,21.0,72788.0,10,Noida,2"
"1872,Amit,Admin,Female,56.0,113031.0,15,Jaipur,2"
"1873,Ankit,IT,Male,41.0,62019.0,2,Faridabad,2"
"1874,Amit,Sales,Male,55.0,69948.0,19,Faridabad,3"
"1875,Amit,Admin,Male,33.0,90133.0,13,Noida,1"
"1876,Vikas,Admin,Female,30.0,91458.0,2,Noida,5"
"1877,Priya,IT,Female,30.0,52526.0,0,Delhi,5"
"1878,Rohit,Marketing,Male,33.0,98493.0,14,Jaipur,2"
"1879,Ankit,Marketing,Female,57.0,77198.0,0,Delhi,1"
"1880,Kapil,Admin,Female,58.0,68395.0,16,Faridabad,1"
"1881,Amit,Marketing,Female,44.0,49031.0,1,Noida,1"
"1882,Priya,HR,Female,22.0,100542.0,19,Faridabad,4"
"1883,Rahul,Admin,Male,42.0,62701.0,5,Faridabad,4"
"1884,Pooja,Admin,Male,37.0,50939.0,7,Gurugram,2"
"1885,Vikas,Sales,Female,56.0,74145.0,15,Gurugram,1"
"1886,Rohit,Marketing,Male,34.0,45324.0,18,Faridabad,1"
"1887,Neha,Admin,Female,30.0,47867.0,0,Noida,5"
"1888,Vikas,HR,Female,55.0,25203.0,2,Faridabad,5"
"1889,Rahul,Sales,Male,45.0,41544.0,2,Gurugram,2"
"1890,Pooja,IT,Male,23.0,40899.0,4,Noida,1"
"1891,Rahul,Admin,Male,58.0,54063.0,11,Faridabad,2"
"1892,Ankit,HR,Female,37.0,115880.0,11,Jaipur,5"
"1893,Amit,Finance,Male,32.0,28748.0,19,Jaipur,5"
"1894,Rohit,HR,Female,44.0,91629.0,12,Faridabad,4"
"1895,Anjali,HR,Male,49.0,105764.0,19,Noida,2"
"1896,Amit,Sales,Male,45.0,45884.0,8,Faridabad,2"
"1897,Anjali,IT,Female,56.0,50183.0,6,Faridabad,1"
"1898,Pooja,Finance,Female,46.0,106570.0,3,Gurugram,1"
"1899,Priya,Marketing,Female,58.0,96246.0,18,Jaipur,4"
"1900,Neha,Marketing,Female,21.0,44259.0,18,Gurugram,3"
"1901,Kapil,HR,Female,40.0,60959.0,5,Gurugram,3"
"1902,Amit,Sales,Female,48.0,58457.0,12,Faridabad,3"
"1903,Rohit,Sales,Female,36.0,110679.0,10,Gurugram,2"
"1904,Rahul,Marketing,Female,37.0,27103.0,12,Jaipur,2"
"1905,Rohit,Finance,Male,48.0,90901.0,12,Gurugram,5"
"1906,Pooja,IT,Female,32.0,69535.0,19,Jaipur,2"
"1907,Anjali,Finance,Female,47.0,41103.0,14,Gurugram,2"
"1908,Rahul,Admin,Male,50.0,115012.0,12,Jaipur,2"
"1909,Kapil,Admin,Female,54.0,103278.0,10,Gurugram,4"
"1910,Kapil,IT,Male,57.0,37391.0,18,Gurugram,2"
"1911,Amit,Marketing,Male,26.0,53901.0,7,Noida,1"
"1912,Pooja,IT,Female,27.0,106159.0,19,Jaipur,1"
"1913,Priya,Sales,Male,52.0,92914.0,7,Jaipur,5"
"1914,Pooja,Admin,Female,52.0,75357.0,9,Jaipur,4"
"1915,Anjali,HR,Male,45.0,111908.0,15,Delhi,1"
"1916,Rohit,HR,Male,53.0,63437.0,18,Gurugram,4"
"1917,Kapil,Marketing,Male,27.0,60503.0,10,Jaipur,4"
"1918,Rohit,Sales,Female,32.0,118459.0,12,Delhi,5"
"1919,Rohit,Finance,Female,36.0,100403.0,8,Noida,4"
"1920,Rohit,Sales,Male,36.0,66258.0,19,Jaipur,2"
"1921,Kapil,HR,Male,56.0,58724.0,18,Jaipur,4"
"1922,Vikas,HR,Female,33.0,89286.0,15,Delhi,5"
"1923,Ankit,Admin,Female,27.0,99842.0,6,Gurugram,5"
"1924,Anjali,Sales,Male,56.0,39908.0,18,Noida,5"
"1925,Vikas,Sales,Male,29.0,117617.0,11,Jaipur,1"
"1926,Anjali,HR,Female,52.0,75626.0,14,Gurugram,2"
"1927,Rahul,Finance,Female,31.0,62228.0,13,Noida,1"
"1928,Pooja,Marketing,Female,28.0,48386.0,10,Faridabad,3"
"1929,Pooja,Marketing,Female,53.0,71754.0,9,Faridabad,2"
"1930,Neha,Sales,Female,43.0,53302.0,10,Noida,4"
"1931,Pooja,Marketing,Male,45.0,85815.0,5,Delhi,5"
"1932,Kapil,HR,Female,28.0,109748.0,1,Noida,3"
"1933,Priya,HR,Male,42.0,88344.0,10,Noida,2"
"1934,Amit,Sales,Female,24.0,60618.0,18,Delhi,1"
"1935,Neha,Sales,Male,23.0,101234.0,5,Delhi,5"
"1936,Amit,Admin,Female,49.0,86114.0,13,Gurugram,1"
"1937,Anjali,Sales,Female,49.0,95130.0,19,Gurugram,2"
"1938,Amit,Finance,Male,54.0,50525.0,5,Delhi,2"
"1939,Amit,Marketing,Male,54.0,104818.0,16,Faridabad,3"
"1940,Neha,Sales,Female,48.0,39334.0,9,Faridabad,4"
"1941,Rahul,IT,Female,33.0,119715.0,0,Noida,1"
"1942,Rohit,Admin,Female,35.0,87767.0,2,Jaipur,3"
"1943,Pooja,IT,Female,43.0,31644.0,7,Noida,5"
"1944,Pooja,HR,Female,46.0,57933.0,7,Noida,4"
"1945,Kapil,Marketing,Male,24.0,68469.0,19,Jaipur,3"
"1946,Neha,Sales,Male,46.0,58687.0,14,Delhi,1"
"1947,Kapil,IT,Female,29.0,77656.0,6,Faridabad,2"
"1948,Priya,Marketing,Male,25.0,42375.0,10,Noida,5"
"1949,Priya,HR,Male,52.0,90206.0,6,Jaipur,1"
"1950,Kapil,Finance,Male,40.0,61607.0,3,Gurugram,4"
"1951,Neha,Admin,Female,31.0,108178.0,11,Noida,4"
"1952,Kapil,Marketing,Male,35.0,48993.0,5,Faridabad,2"
"1953,Pooja,Marketing,Female,52.0,69386.0,13,Delhi,2"
"1954,Vikas,Finance,Male,48.0,71287.0,11,Noida,5"
"1955,Ankit,Marketing,Female,42.0,111724.0,10,Noida,5"
"1956,Amit,HR,Male,37.0,118308.0,18,Jaipur,2"
"1957,Ankit,HR,Female,46.0,101312.0,4,Gurugram,2"
"1958,Neha,Finance,Female,27.0,100324.0,13,Gurugram,4"
"1959,Ankit,Admin,Male,46.0,96196.0,15,Delhi,2"
"1960,Priya,Sales,Female,45.0,95014.0,12,Faridabad,3"
"1961,Anjali,IT,Female,30.0,33210.0,19,Delhi,1"
"1962,Amit,Sales,Female,39.0,35922.0,3,Noida,2"
"1963,Rohit,Marketing,Female,31.0,61289.0,10,Noida,5"
"1964,Neha,IT,Female,33.0,58340.0,16,Gurugram,3"
"1965,Amit,Finance,Female,28.0,64850.0,6,Faridabad,5"
"1966,Ankit,Finance,Female,24.0,81984.0,13,Jaipur,3"
"1967,Priya,Admin,Female,51.0,109178.0,10,Faridabad,2"
"1968,Rahul,IT,Male,48.0,36094.0,8,Noida,1"
"1969,Vikas,HR,Male,31.0,112959.0,12,Jaipur,5"
"1970,Rohit,IT,Female,21.0,58418.0,17,Faridabad,3"
"1971,Vikas,Marketing,Female,58.0,30741.0,10,Faridabad,4"
"1972,Amit,HR,Male,44.0,97374.0,14,Jaipur,2"
"1973,Priya,Finance,Male,51.0,93798.0,18,Noida,1"
"1974,Priya,IT,Male,46.0,95532.0,0,Faridabad,2"
"1975,Ankit,Sales,Female,25.0,47164.0,3,Jaipur,4"
"1976,Pooja,Admin,Male,40.0,60595.0,13,Noida,1"
"1977,Ankit,Sales,Female,31.0,55257.0,13,Jaipur,4"
"1978,Pooja,Admin,Female,53.0,39211.0,2,Jaipur,2"
"1979,Pooja,Marketing,Male,58.0,30232.0,16,Faridabad,3"
"1980,Rohit,Sales,Female,47.0,92753.0,2,Noida,2"
"1981,Ankit,IT,Female,54.0,77691.0,15,Faridabad,2"
"1982,Rahul,IT,Female,35.0,114765.0,13,Delhi,2"
"1983,Kapil,Sales,Female,52.0,104768.0,19,Delhi,5"
"1984,Kapil,IT,Male,41.0,50613.0,12,Noida,4"
"1985,Ankit,Marketing,Male,25.0,39026.0,14,Jaipur,4"
"1986,Ankit,HR,Female,26.0,78535.0,13,Faridabad,4"
"1987,Vikas,Marketing,Female,58.0,119090.0,18,Faridabad,5"
"1988,Rohit,Admin,Male,42.0,55908.0,5,Noida,3"
"1989,Ankit,Marketing,Female,38.0,77113.0,9,Noida,2"
"1990,Vikas,Admin,Male,34.0,44610.0,14,Delhi,3"
"1991,Pooja,IT,Female,30.0,71646.0,19,Gurugram,5"
"1992,Priya,HR,Female,33.0,88185.0,5,Noida,4"
"1993,Priya,IT,Male,51.0,97567.0,9,Gurugram,2"
"1994,Pooja,Finance,Male,50.0,72574.0,6,Noida,1"
"1995,Neha,IT,Male,23.0,116051.0,16,Jaipur,1"
"1996,Vikas,Admin,Male,50.0,61182.0,17,Jaipur,3"
"1997,Vikas,IT,Female,26.0,25570.0,16,Delhi,4"
"1998,Pooja,IT,Male,49.0,44288.0,8,Delhi,1"
"1999,Rahul,HR,Female,28.0,103824.0,9,Gurugram,3"
"2000,Anjali,IT,Male,53.0,54877.0,9,Noida,5"
